{
	"SpawnForced" : true,
	"SpawnWorld" : "world",
	"SpawnX" : 0,
	"SpawnY" : 62,
	"SpawnZ" : -8,
	"air" : 300,
	"enchantmentSeed" : 1618144957,
	"enderchestinventory" : 
	[
		{
			"ID" : -1
		},
		{
			"ID" : -1
		},
		{
			"ID" : -1
		},
		{
			"ID" : -1
		},
		{
			"ID" : -1
		},
		{
			"ID" : -1
		},
		{
			"ID" : -1
		},
		{
			"ID" : -1
		},
		{
			"ID" : -1
		},
		{
			"ID" : -1
		},
		{
			"ID" : -1
		},
		{
			"ID" : -1
		},
		{
			"ID" : -1
		},
		{
			"ID" : -1
		},
		{
			"ID" : -1
		},
		{
			"ID" : -1
		},
		{
			"ID" : -1
		},
		{
			"ID" : -1
		},
		{
			"ID" : -1
		},
		{
			"ID" : -1
		},
		{
			"ID" : -1
		},
		{
			"ID" : -1
		},
		{
			"ID" : -1
		},
		{
			"ID" : -1
		},
		{
			"ID" : -1
		},
		{
			"ID" : -1
		},
		{
			"ID" : -1
		}
	],
	"equippedItemSlot" : 8,
	"food" : 17,
	"foodExhaustion" : 1.1888000119209008,
	"foodSaturation" : 0.0,
	"foodTickTimer" : 0,
	"gamemode" : -1,
	"health" : 20.0,
	"inventory" : 
	[
		{
			"ID" : -1
		},
		{
			"ID" : -1
		},
		{
			"ID" : -1
		},
		{
			"ID" : -1
		},
		{
			"ID" : -1
		},
		{
			"ID" : -1
		},
		{
			"ID" : -1
		},
		{
			"ID" : -1
		},
		{
			"ID" : -1
		},
		{
			"Count" : 14,
			"Health" : 0,
			"ID" : 295,
			"RepairCost" : 0
		},
		{
			"Count" : 13,
			"Health" : 0,
			"ID" : 5,
			"RepairCost" : 0
		},
		{
			"Count" : 6,
			"Health" : 0,
			"ID" : 280,
			"RepairCost" : 0
		},
		{
			"ID" : -1
		},
		{
			"ID" : -1
		},
		{
			"ID" : -1
		},
		{
			"ID" : -1
		},
		{
			"ID" : -1
		},
		{
			"ID" : -1
		},
		{
			"ID" : -1
		},
		{
			"ID" : -1
		},
		{
			"ID" : -1
		},
		{
			"ID" : -1
		},
		{
			"ID" : -1
		},
		{
			"ID" : -1
		},
		{
			"ID" : -1
		},
		{
			"ID" : -1
		},
		{
			"ID" : -1
		},
		{
			"ID" : -1
		},
		{
			"ID" : -1
		},
		{
			"ID" : -1
		},
		{
			"ID" : -1
		},
		{
			"ID" : -1
		},
		{
			"ID" : -1
		},
		{
			"ID" : -1
		},
		{
			"ID" : -1
		},
		{
			"ID" : -1
		},
		{
			"Count" : 1,
			"Health" : 0,
			"ID" : 58,
			"RepairCost" : 0
		},
		{
			"Count" : 6,
			"Health" : 0,
			"ID" : 17,
			"RepairCost" : 0
		},
		{
			"Count" : 11,
			"Health" : 0,
			"ID" : 3,
			"RepairCost" : 0
		},
		{
			"Count" : 3,
			"Health" : 0,
			"ID" : 35,
			"RepairCost" : 0
		},
		{
			"Count" : 11,
			"Health" : 0,
			"ID" : 423,
			"RepairCost" : 0
		},
		{
			"Count" : 1,
			"Health" : 8,
			"ID" : 35,
			"RepairCost" : 0
		},
		{
			"ID" : -1
		},
		{
			"Count" : 24,
			"Health" : 1,
			"ID" : 5,
			"RepairCost" : 0
		},
		{
			"Count" : 1,
			"Health" : 48,
			"ID" : 270,
			"RepairCost" : 0
		},
		{
			"ID" : -1
		}
	],
	"isflying" : false,
	"knownItems" : 
	[
		{
			"Count" : 1,
			"Health" : 0,
			"ID" : 3,
			"RepairCost" : 0
		},
		{
			"Count" : 1,
			"Health" : 0,
			"ID" : 5,
			"RepairCost" : 0
		},
		{
			"Count" : 1,
			"Health" : 1,
			"ID" : 5,
			"RepairCost" : 0
		},
		{
			"Count" : 1,
			"Health" : 5,
			"ID" : 5,
			"RepairCost" : 0
		},
		{
			"Count" : 1,
			"Health" : 0,
			"ID" : 17,
			"RepairCost" : 0
		},
		{
			"Count" : 1,
			"Health" : 1,
			"ID" : 17,
			"RepairCost" : 0
		},
		{
			"Count" : 1,
			"Health" : 0,
			"ID" : 35,
			"RepairCost" : 0
		},
		{
			"Count" : 1,
			"Health" : 8,
			"ID" : 35,
			"RepairCost" : 0
		},
		{
			"Count" : 1,
			"Health" : 0,
			"ID" : 58,
			"RepairCost" : 0
		},
		{
			"Count" : 1,
			"Health" : 1,
			"ID" : 162,
			"RepairCost" : 0
		},
		{
			"Count" : 1,
			"Health" : 0,
			"ID" : 270,
			"RepairCost" : 0
		},
		{
			"Count" : 1,
			"Health" : 0,
			"ID" : 280,
			"RepairCost" : 0
		},
		{
			"Count" : 1,
			"Health" : 0,
			"ID" : 295,
			"RepairCost" : 0
		},
		{
			"Count" : 1,
			"Health" : 0,
			"ID" : 319,
			"RepairCost" : 0
		},
		{
			"Count" : 1,
			"Health" : 0,
			"ID" : 351,
			"RepairCost" : 0
		},
		{
			"Count" : 1,
			"Health" : 0,
			"ID" : 423,
			"RepairCost" : 0
		}
	],
	"knownRecipes" : 
	[
		"chest",
		"dark_oak_planks",
		"oak_planks",
		"spruce_planks",
		"stick",
		"crafting_table",
		"dark_oak_slab",
		"oak_slab",
		"spruce_slab",
		"dark_oak_stairs",
		"spruce_stairs",
		"oak_stairs",
		"wooden_axe",
		"wooden_pickaxe",
		"wooden_shovel",
		"wooden_hoe",
		"wooden_sword",
		"dark_oak_boat",
		"oak_boat",
		"spruce_boat",
		"dark_oak_door",
		"spruce_door",
		"oak_trapdoor",
		"oak_button",
		"bowl",
		"dark_oak_fence",
		"dark_oak_fence_gate",
		"oak_fence",
		"oak_fence_gate",
		"ladder",
		"painting",
		"oak_sign",
		"spruce_fence",
		"spruce_fence_gate",
		"light_gray_banner",
		"white_banner",
		"black_wool",
		"light_gray_carpet",
		"white_carpet"
	],
	"lastknownname" : "Catfoolyou",
	"position" : 
	[
		161.9276612529633,
		63.0,
		-12.498865494394037
	],
	"rotation" : 
	[
		-24.20361328125,
		19.799993515014648,
		0.0
	],
	"world" : "world",
	"xpCurrent" : 12,
	"xpTotal" : 12
}